{
    "Global": {
        "H": 0.0871133,
        "h": 0.09870607,
        "f": 0.00270006224,
        "D": 0.0009967949,
        "e": 0.103910044,
        "a": 0.5628562,
        "0": 0.00137336052,
        "G": 0.0615937933,
        "J": 0.00200292724,
        "K": 0.00187512347,
        "L": 0.0004854939,
        "F": 0.00112396851,
        "I": 0.002998777,
        "v": 0.000296881655,
        "E": 0.000691778667,
        "w": 0.000383669074,
        "i": 0.00326707331,
        "u": 0.000465587218,
        "x": 0.00168871682,
        "1": 0.00148830377,
        "y": 0.000853581354,
        "M": 0.0003828671,
        "c": 0.00257039652,
        "b": 0.0139688486,
        "2": 0.002758035,
        "g": 0.002337732,
        "m": 0.00200965838,
        "j": 0.0010948102,
        "O": 0.00146352779,
        "t": 0.000378828467,
        "-": 0.000559850363,
        "k": 0.0008290632,
        "q": 0.00210240344,
        "z": 0.000417983043,
        "A": 0.00227251253,
        "9": 0.0005476772,
        "r": 0.0012105268,
        "o": 0.00123670616,
        "p": 0.00164357584,
        "n": 0.00058898,
        "B": 0.00144808937,
        "l": 0.000507577439,
        "8": 0.00020723,
        "C": 0.0007924578,
        "s": 0.000394868373,
        "_": 0.000815687061,
        "3": 0.00158594677,
        "S": 0.000985481,
        "N": 0.004728338,
        "Y": 0.000447513681,
        "T": 0.00044361825,
        "d": 0.002953951,
        "Q": 0.000916566642,
        "7": 0.0009202329,
        "U": 0.000337468373,
        "V": 0.000321428466,
        "W": 0.00124675978,
        "X": 0.00169891363,
        "5": 0.00111233955,
        "Z": 0.000403375248,
        "4": 0.0004041486,
        "R": 0.000484777847,
        "6": 0.000914934033,
        "P": 0.0006828135
    },
    "Position": [{
        "H": 0.828624368,
        "G": 0.0576909967,
        "b": 0.1099479,
        "P": 0.003307087,
        "O": 0.000308481976,
        "a": 0.000121158657
    }, {
        "H": 0.414312184,
        "h": 0.478635848,
        "G": 0.0288454983,
        "f": 0.000137771422,
        "g": 0.000187466518,
        "b": 0.054984834,
        "3": 0.0049771,
        "x": 0.00531193335,
        "N": 0.005257369,
        "i": 0.00510470336,
        "j": 5.61397064E-05,
        "e": 3.55169577E-05,
        "d": 3.079091E-05,
        "k": 9.78148455E-05,
        "l": 2.74969989E-05,
        "a": 6.287074E-05,
        "p": 6.816965E-05,
        "n": 1.01681617E-05,
        "c": 1.58967032E-05,
        "P": 0.00165411644,
        "r": 2.86427081E-07,
        "0": 1.43213541E-07,
        "1": 4.296406E-07,
        "O": 0.000156389186,
        "m": 1.8760973E-05,
        "o": 1.14570832E-06,
        "2": 4.296406E-07,
        "w": 1.43213541E-07,
        "y": 1.71856243E-06,
        "4": 3.43712486E-06,
        "5": 1.43213541E-07,
        "z": 1.43213541E-07,
        "A": 1.43213541E-07,
        "R": 7.160677E-07,
        "s": 1.43213541E-07,
        "K": 2.86427081E-07,
        "I": 1.43213541E-07,
        "Z": 7.160677E-07,
        "u": 2.86427081E-07,
        "L": 4.296406E-07,
        "7": 1.43213541E-07,
        "t": 1.43213541E-07
    }, {
        "H": 0.286007851,
        "h": 0.3268598,
        "f": 0.00128262048,
        "a": 0.09466157,
        "G": 0.2011522,
        "M": 0.000325476634,
        "g": 0.000247091084,
        "q": 0.00120337564,
        "b": 0.04090513,
        "3": 0.00331940339,
        "x": 0.00362903113,
        "N": 0.0133173317,
        "L": 0.0002030768,
        "i": 0.004003582,
        "j": 0.000123068166,
        "K": 0.00132959452,
        "e": 0.00110274425,
        "r": 0.000143118057,
        "W": 0.00151071185,
        "y": 9.738521E-06,
        "X": 2.71150966E-05,
        "v": 1.71856243E-06,
        "d": 0.00150899333,
        "c": 0.004059149,
        "I": 0.00667356,
        "s": 7.714436E-05,
        "Y": 0.000371304981,
        "k": 0.000103782077,
        "l": 2.568296E-05,
        "J": 0.001360815,
        "O": 0.00177938049,
        "u": 1.74720517E-05,
        "p": 5.365734E-05,
        "2": 6.68329847E-07,
        "w": 1.43213538E-06,
        "n": 6.96972575E-06,
        "m": 2.17684574E-05,
        "t": 2.663772E-05,
        "Q": 0.0008135484,
        "P": 0.00123383233,
        "0": 9.547569E-08,
        "1": 2.86427081E-07,
        "o": 9.54757E-07,
        "5": 2.86427081E-07,
        "F": 4.773785E-07,
        "Z": 0.000179780734,
        "4": 5.49939978E-05,
        "A": 2.10046528E-06,
        "V": 2.31051181E-05,
        "6": 4.678309E-06,
        "z": 1.90951383E-07,
        "S": 0.000209951046,
        "R": 1.34620732E-05,
        "_": 9.547569E-08,
        "7": 8.401861E-06
    }, {
        "H": 0.214645162,
        "h": 0.245434642,
        "f": 0.004618708,
        "D": 0.00103314244,
        "a": 0.264511615,
        "G": 0.151126444,
        "y": 7.497229E-05,
        "M": 0.0003331147,
        "c": 0.005212042,
        "g": 0.00255335425,
        "b": 0.0308346637,
        "-": 0.0005657651,
        "q": 0.00120807777,
        "9": 0.000852979836,
        "A": 0.00194541272,
        "w": 0.000156675611,
        "x": 0.0028092768,
        "B": 0.0008542688,
        "8": 0.000128892192,
        "z": 0.000102039645,
        "C": 0.000441742159,
        "_": 0.001567687,
        "I": 0.00506954454,
        "K": 0.00374789839,
        "3": 0.00319051114,
        "J": 0.00370228477,
        "N": 0.0105055012,
        "L": 0.000542278052,
        "1": 0.00192385912,
        "O": 0.00203814358,
        "U": 0.000337196281,
        "V": 0.0002504805,
        "W": 0.00135136291,
        "Y": 0.000337769132,
        "X": 0.003957205,
        "5": 0.00191934791,
        "Z": 0.00019999771,
        "Q": 0.0008227618,
        "F": 0.00025334474,
        "d": 0.00149550743,
        "S": 0.00116103212,
        "i": 0.0053041284,
        "T": 0.000495304,
        "7": 0.00164423464,
        "6": 0.00103536225,
        "k": 0.00138036371,
        "j": 0.00154828164,
        "e": 0.002542112,
        "n": 0.0004019288,
        "l": 0.0008357942,
        "p": 0.0005165712,
        "r": 0.000490291568,
        "v": 7.268087E-05,
        "2": 0.006087936,
        "4": 0.00018044906,
        "P": 0.00108355365,
        "s": 0.0005361199,
        "R": 0.000226563818,
        "o": 0.0007113417,
        "t": 0.00017973299,
        "u": 0.0001342627,
        "0": 0.000290222233,
        "m": 0.0003512312,
        "E": 0.000134835544
    }, {
        "H": 0.171716124,
        "h": 0.196348861,
        "f": 0.004214488,
        "D": 0.000826514,
        "e": 0.200639531,
        "a": 0.211609289,
        "G": 0.120904021,
        "y": 5.99778323E-05,
        "M": 0.000266491756,
        "c": 0.00416963361,
        "g": 0.002407878,
        "b": 0.02466773,
        "-": 0.000452612061,
        "q": 0.00109684386,
        "9": 0.0006823839,
        "A": 0.00155633013,
        "w": 0.000125340492,
        "x": 0.00224742154,
        "B": 0.000683415041,
        "8": 0.000105577019,
        "z": 8.163172E-05,
        "C": 0.000466704281,
        "_": 0.0012541496,
        "I": 0.00405563554,
        "K": 0.00300393254,
        "3": 0.002552409,
        "J": 0.002961828,
        "N": 0.008404401,
        "L": 0.000433822453,
        "1": 0.00153908727,
        "O": 0.0017427369,
        "U": 0.000269757031,
        "V": 0.000200384384,
        "W": 0.00108263711,
        "Y": 0.0002702153,
        "X": 0.003165764,
        "5": 0.00153547828,
        "Z": 0.000159998162,
        "Q": 0.000658209436,
        "F": 0.0002026758,
        "d": 0.001196406,
        "S": 0.000928883033,
        "i": 0.004248802,
        "T": 0.0003962432,
        "7": 0.00131538766,
        "6": 0.000828289834,
        "k": 0.001104291,
        "j": 0.00123862526,
        "n": 0.000321543048,
        "l": 0.000668635359,
        "p": 0.000413257,
        "r": 0.000392233254,
        "v": 5.81447E-05,
        "2": 0.00487034861,
        "4": 0.000145848666,