{
  "IndexOfCoincidence": 0.35277578927682096,
  "GlobalFrequencies": {
    "H": 0.087113301960020512,
    "h": 0.098706065666272352,
    "f": 0.0027000621546763516,
    "D": 0.00099679488097522686,
    "e": 0.10391004471126718,
    "a": 0.5628561935559635,
    "0": 0.0013733605630010684,
    "G": 0.0615937948437397,
    "J": 0.0020029272847572103,
    "K": 0.0018751235216782336,
    "L": 0.00048549390053533221,
    "F": 0.0011239685044782874,
    "I": 0.0029987769563685628,
    "v": 0.00029688166838045534,
    "E": 0.00069177868352385513,
    "w": 0.00038366907360889529,
    "i": 0.0032670732021688261,
    "u": 0.00046558721847798381,
    "x": 0.0016887167780390629,
    "1": 0.001488303750189758,
    "y": 0.000853581340994303,
    "M": 0.00038286707778500213,
    "c": 0.0025703966155776231,
    "b": 0.01396884819078335,
    "2": 0.00275803499566063,
    "g": 0.0023377318985246141,
    "m": 0.0020096583211363134,
    "j": 0.0010948102277381713,
    "O": 0.0014635278077730581,
    "t": 0.00037882845595754006,
    "-": 0.0005598503704934279,
    "k": 0.0008290631829495688,
    "q": 0.0021024034096279597,
    "z": 0.00041798303778832463,
    "A": 0.0022725124524173015,
    "9": 0.00054767721959504939,
    "r": 0.0012105267680427578,
    "o": 0.0012367062031512707,
    "p": 0.0016435758702370757,
    "n": 0.00058898000452554781,
    "B": 0.0014480893881631146,
    "l": 0.00050757742840039073,
    "8": 0.00020722999235239697,
    "C": 0.00079245780213044463,
    "s": 0.00039486837243540352,
    "_": 0.00081568703831535051,
    "3": 0.0015859467417487518,
    "S": 0.00098548101131673387,
    "N": 0.0047283382360101857,
    "Y": 0.0004475136697323912,
    "T": 0.00044361826144491005,
    "d": 0.0029539511183545339,
    "Q": 0.00091656665587791335,
    "7": 0.000920232922501425,
    "U": 0.00033746838561104922,
    "V": 0.00032142846913318571,
    "W": 0.0012467597936579315,
    "X": 0.0016989135820857048,
    "5": 0.0011123395650318364,
    "Z": 0.00040337525671027042,
    "4": 0.00040414860982616738,
    "R": 0.00048477783283542761,
    "6": 0.00091493402152213082,
    "P": 0.00068281351592104926
  },
  "PositionFrequencies": [
    {
      "H": 0.82862437666306721,
      "G": 0.057690996737595562,
      "b": 0.10994789891415493,
      "P": 0.0033070870652394959,
      "O": 0.00030848196511891018,
      "a": 0.00012115865482386167
    },
    {
      "h": 0.95727166749253145,
      "f": 0.00027554285092329768,
      "g": 0.00037493304767005891,
      "3": 0.0099542003099141012,
      "x": 0.0106238668228649,
      "N": 0.010514738105399437,
      "i": 0.010209406838160106,
      "j": 0.00011227941534504438,
      "e": 7.1033915830538287E-05,
      "d": 6.15818221917973E-05,
      "k": 0.00019562969561394213,
      "l": 5.49939993526748E-05,
      "b": 2.1768458077100441E-05,
      "a": 4.5828332793895662E-06,
      "p": 0.00013633929006183962,
      "n": 2.03363226772912E-05,
      "c": 3.1793405875765118E-05,
      "r": 5.7285415992369578E-07,
      "0": 2.8642707996184789E-07,
      "1": 8.5928123988554372E-07,
      "m": 3.7521947475002076E-05,
      "o": 2.2914166396947831E-06,
      "2": 8.5928123988554372E-07,
      "w": 2.8642707996184789E-07,
      "y": 3.4371249595421749E-06,
      "4": 6.87424991908435E-06,
      "5": 2.8642707996184789E-07,
      "P": 1.1457083198473916E-06,
      "z": 2.8642707996184789E-07,
      "O": 4.2964061994277188E-06,
      "A": 2.8642707996184789E-07,
      "R": 1.4321353998092396E-06,
      "s": 2.8642707996184789E-07,
      "K": 5.7285415992369578E-07,
      "I": 2.8642707996184789E-07,
      "Z": 1.4321353998092396E-06,
      "u": 5.7285415992369578E-07,
      "L": 8.5928123988554372E-07,
      "7": 2.8642707996184789E-07,
      "t": 2.8642707996184789E-07
    },
    {
      "f": 0.0035723185412841673,
      "a": 0.28385897476291,
      "G": 0.545765605263384,
      "M": 0.00097642991558993949,
      "g": 0.0003663402352712035,
      "q": 0.0036101269158391311,
      "L": 0.000608371117838965,
      "i": 0.0018013399058800616,
      "b": 0.01274571863122227,
      "H": 0.029399161914364032,
      "j": 0.00025692509072577756,
      "K": 0.00398821066138877,
      "e": 0.0032371988577288052,
      "r": 0.00042878133870288631,
      "W": 0.0045321356862363191,
      "y": 2.5778437196566313E-05,
      "X": 8.13452907091648E-05,
      "v": 5.1556874393132627E-06,
      "c": 0.012145653898702199,
      "I": 0.020020393608093285,
      "s": 0.00023114665352921127,
      "Y": 0.0011139149139716266,
      "N": 0.029437256715998956,
      "h": 0.023307717204815413,
      "x": 0.00026322648648493825,
      "d": 0.0044653981766052094,
      "J": 0.0040824451706962181,
      "O": 0.0050253631179306216,
      "u": 5.1843301473094472E-05,
      "2": 1.1457083198473916E-06,
      "w": 4.0099791194658706E-06,
      "k": 0.00011571654030458655,
      "m": 2.7783426756299249E-05,
      "t": 7.9626728229393725E-05,
      "Q": 0.002440645148354906,
      "p": 2.463272887671892E-05,
      "3": 4.0099791194658706E-06,
      "o": 5.7285415992369578E-07,
      "5": 5.7285415992369578E-07,
      "F": 1.4321353998092396E-06,
      "Z": 0.00053791005616835041,
      "l": 2.2054885157062291E-05,
      "4": 0.00015810774813894004,
      "A": 6.0149686791988058E-06,
      "P": 0.0003932643807876172,
      "V": 6.93153533507672E-05,
      "6": 1.4034926918130548E-05,
      "S": 0.00062985314883610359,
      "R": 3.8954082874811316E-05,
      "_": 2.8642707996184789E-07,
      "7": 2.491915595668077E-05,
      "z": 2.8642707996184789E-07,
      "n": 5.7285415992369578E-07
    },
    {
      "D": 0.0041325699096895416,
      "a": 0.774061736492815,
      "y": 0.0002706735905639463,
      "c": 0.00867072056460506,
      "b": 0.00062326532599698105,
      "-": 0.00226306035877856,
      "9": 0.0034119193765055323,
      "A": 0.0077753495126443237,
      "w": 0.00062240604475709554,
      "x": 0.00035001389171337814,
      "B": 0.0034170750639448454,
      "8": 0.00051556874393132626,
      "z": 0.00040758573478570957,
      "C": 0.0017669686562846398,
      "_": 0.0062704616345247745,
      "I": 0.00025749794488570129,
      "K": 0.011002809849654425,
      "J": 0.010726694144571204,
      "H": 0.00055710067052579422,
      "1": 0.0076945770760950827,
      "O": 0.0028144324877051176,
      "U": 0.0013487851195403417,
      "V": 0.00093260657235577681,
      "W": 0.00087331616680367424,
      "Y": 0.00023716162220841007,
      "X": 0.015747474429222436,
      "5": 0.0076765321700574861,
      "Z": 0.00026064864276528158,
      "Q": 0.0008504020004067264,
      "3": 0.0028038346857465293,
      "F": 0.0010119468735052086,
      "d": 0.0014550495662061873,
      "S": 0.0040142755256652989,
      "T": 0.001981216112096102,
      "f": 0.014626971692411688,
      "7": 0.0065517330270473094,
      "6": 0.004127414222250228,
      "k": 0.0052101085845060137,
      "N": 0.0020700085068842749,
      "G": 0.0010491823939002489,
      "e": 0.00686021499216622,
      "n": 0.0015868060229886375,
      "l": 0.0032661279928049517,
      "g": 0.00947214353433831,
      "q": 0.0012221843501972051,
      "p": 0.0019053129359062123,
      "j": 0.0058239218168642535,
      "i": 0.0092057663499737919,
      "2": 0.024349738921716615,
      "4": 0.00055681424344583238,
      "P": 0.00063271741963572209,
      "R": 0.00086586906272466629,
      "s": 0.0019130464670651822,
      "o": 0.0028425023415413787,
      "t": 0.00063901881539488268,
      "u": 0.00048463461929544669,
      "v": 0.00028556779872196235,
      "h": 0.0011591703926055986,
      "r": 0.0015318120236359626,
      "L": 0.0015598818774722237,
      "M": 0.00035602886039257694,
      "0": 0.0011606025280054078,
      "m": 0.0013396194529815626,
      "E": 0.00053934219156815961
    },
    {
      "e": 0.99302922415496853,
      "g": 0.0018259726347567805,
      "O": 0.00056111064964526009,
      "C": 0.00056655276416453515,
      "0": 0.00060006473252007138,
      "K": 2.8069853836261096E-05,